Name,Runtime,num_epochs,activation_fn,data_augm_level,latent_size,loss_fn,vae_beta_norm,variational,hpatches_overall,matching_overall,retrieval_overall,verification_overall,hpatches_norm_mean,matching_norm,retrieval_norm,verification_norm,mse,psnr,ssim,loss,matching.e,matching.h,matching.t,retrieval.e.100,retrieval.e.1000,retrieval.e.10000,retrieval.e.15000,retrieval.e.20000,retrieval.e.500,retrieval.e.5000,retrieval.e.mean,retrieval.h.100,retrieval.h.1000,retrieval.h.10000,retrieval.h.15000,retrieval.h.20000,retrieval.h.500,retrieval.h.5000,retrieval.h.mean,retrieval.mean.100,retrieval.mean.1000,retrieval.mean.10000,retrieval.mean.15000,retrieval.mean.20000,retrieval.mean.500,retrieval.mean.5000,retrieval.t.100,retrieval.t.1000,retrieval.t.10000,retrieval.t.15000,retrieval.t.20000,retrieval.t.500,retrieval.t.5000,retrieval.t.mean,verification.e.inter.balanced.auc,verification.e.inter.imbalanced.ap,verification.e.intra.balanced.auc,verification.e.intra.imbalanced.ap,verification.h.inter.balanced.auc,verification.h.inter.imbalanced.ap,verification.h.intra.balanced.auc,verification.h.intra.imbalanced.ap,verification.mean.inter.balanced.auc,verification.mean.inter.imbalanced.ap,verification.mean.inter.mean,verification.mean.intra.balanced.auc,verification.mean.intra.imbalanced.ap,verification.mean.intra.mean,verification.t.inter.balanced.auc,verification.t.inter.imbalanced.ap,verification.t.intra.balanced.auc,verification.t.intra.imbalanced.ap,val_loss,val_mse
royal-sweep-8,31060,400,relu,0,32,msssim,0,0,0.3545690273,0.1267631091,0.3068372607,0.6301067119,0.9767332849,0.9597570177,0.9907179113,0.9797249256,0.01317608025,18.28709319,0.3911444105,-0.8098895885,0.2526714815,0.09178368452,0.03583416126,0.6886335452,0.5088266451,0.3779855582,0.3577376901,0.3448784574,0.5562929528,0.4158528682,0.4643153846,0.5486368285,0.3144296758,0.1849678154,0.1686636639,0.1588899426,0.3701683318,0.2185455028,0.2806145251,0.5539036393,0.3381635249,0.2190221399,0.2034473419,0.1938620061,0.3889342844,0.2505282164,0.4244405499,0.1912342542,0.09411307253,0.08394070675,0.07781753111,0.2403415376,0.1171862981,0.1755820215,0.834033845,0.6570178164,0.8004833228,0.5758297097,0.769878345,0.5291116597,0.72985799,0.4400967238,0.7762221787,0.5458142678,0.6610182232,0.7377244854,0.4606659159,0.5991952007,0.7247543462,0.4513133272,0.6828321434,0.3660713142,-0.8084245576,0.01326824259
wise-sweep-7,14550,400,relu,0,32,bce,0,0,0.3316838492,0.09876485027,0.2783257365,0.6179609608,0.8309306083,0.7424500987,0.8617447097,0.8885970166,0.01050811867,19.49991888,0.3894075424,0.5495354496,0.2024961853,0.06742533928,0.02637302626,0.6515812365,0.4649449507,0.3366174161,0.3175208518,0.3059127062,0.5139465327,0.373245463,0.4233956337,0.5137495889,0.2786872254,0.1592476703,0.1449764494,0.1365706047,0.3343413512,0.1886727441,0.2508922219,0.5238661766,0.3057278395,0.1924269944,0.1781514138,0.1696766615,0.3569229543,0.221508041,0.4062676843,0.1735513077,0.08141594946,0.0719569163,0.06654669509,0.2224809178,0.1026058824,0.160689339,0.8178874547,0.6286182314,0.7764961779,0.539951974,0.767403017,0.517043124,0.7182080222,0.4199147325,0.7734873075,0.5330376323,0.6532624699,0.7258422748,0.4394766284,0.5826594516,0.7351714508,0.4534515417,0.6828226242,0.3585631787,0.5504760123,0.01059135702
usual-sweep-4,31745,400,elu,0,32,msssim,0,0,0.3511004845,0.1255938597,0.3055222929,0.6221853009,0.9519144032,0.9506819541,0.9847695932,0.9202916622,0.01323417318,18.33626949,0.3922007798,-0.81074824,0.2516272373,0.09010863308,0.03504570882,0.6882498468,0.5095127456,0.3778540654,0.3578690686,0.3451848555,0.5566076793,0.416276985,0.4645078778,0.544847985,0.311686009,0.1839237897,0.1679468552,0.158358498,0.3666275287,0.2171415396,0.2786474526,0.5509467721,0.3366924226,0.2181264609,0.202872172,0.1934396774,0.3869642019,0.249614194,0.4197424923,0.1888785182,0.092601447,0.08280063661,0.07677564184,0.2376574334,0.1154240356,0.1734114587,0.8297701626,0.6458937458,0.7962549071,0.5637604975,0.7628078548,0.5180298484,0.7237055766,0.4302617178,0.7699476047,0.5354827143,0.6527151595,0.7322572235,0.4510536609,0.5916554422,0.7172647968,0.4425245487,0.6768111868,0.3591387673,-0.8090571267,0.01332977507
revived-sweep-3,15318,400,elu,0,32,bce,0,0,0.3262741133,0.09563005095,0.2742656767,0.6089266123,0.7941039689,0.7181195292,0.843378841,0.8208135365,0.01049488821,19.50754988,0.3906947461,0.5494755097,0.1964646967,0.06498010358,0.02544535262,0.6448638982,0.4576232119,0.3300301075,0.3114257347,0.2998065845,0.5064836064,0.366158102,0.4166273475,0.5089812124,0.2748885004,0.1561540325,0.1419414725,0.1335595782,0.3301201547,0.1858836134,0.247361213,0.5193228126,0.3011874855,0.188664794,0.1746027917,0.1661438495,0.3522739112,0.2176642418,0.4041232827,0.1710507685,0.07981024774,0.07044110054,0.06506539427,0.2202179232,0.1009510144,0.1588085443,0.8058154651,0.6167513507,0.7649069603,0.5281862966,0.757344719,0.5090204025,0.7090192665,0.4126190661,0.7632953848,0.5244837654,0.6438895751,0.7164318178,0.4314954812,0.5739636495,0.7267259702,0.4476795429,0.6753692266,0.3536810809,0.5504358756,0.01057819929
astral-sweep-24,31351,400,relu,3,32,msssim,0,0,0.3492455709,0.1268202245,0.3024252057,0.6184912824,0.9411786796,0.9602003158,0.9707597759,0.8925759471,0.01478296593,18.42147656,0.3925728705,-0.8320318237,0.2546575418,0.09094895841,0.03485417333,0.6817704577,0.5047078593,0.3754531912,0.3556399521,0.3434291774,0.5521822056,0.412737118,0.4608457088,0.5380082053,0.3081943751,0.18273271,0.166807201,0.1572924487,0.3632802764,0.2148883827,0.2758862376,0.5438767672,0.3331271708,0.2164456099,0.2011635751,0.1919423193,0.3832097352,0.2472113371,0.4118516354,0.1864792742,0.09115085876,0.08104352196,0.07510533396,0.2341667304,0.114008484,0.1705436856,0.825332952,0.6450805823,0.7932369154,0.5654154498,0.7584654642,0.5133776581,0.7204049092,0.4275982159,0.765336833,0.531020977,0.648178905,0.7287276627,0.4488796567,0.5888036597,0.712212083,0.4346046906,0.6725411636,0.3536253044,-0.7954596485,0.01489767339
pretty-sweep-23,14373,400,relu,3,32,bce,0,0,0.3214134866,0.08585982596,0.2617231607,0.6166574731,0.7692492634,0.6422884746,0.7866421884,0.8788171273,0.0115275378,19.00937663,0.3605302777,0.447962882,0.176588493,0.05825092923,0.02274005561,0.6268636244,0.4376210555,0.3079321104,0.2891921545,0.2774735565,0.4877421433,0.3439670249,0.395827353,0.4962156748,0.2634779416,0.1454013728,0.1316902174,0.1234564465,0.3189405505,0.1747065346,0.2362698317,0.5059948564,0.2890200615,0.1760343909,0.16215837,0.153672561,0.3405349553,0.2046468854,0.3949052387,0.1659611366,0.07476965965,0.06559275827,0.06008766116,0.2149222375,0.09526713721,0.1530722529,0.8153866281,0.6197718781,0.7722272136,0.5300353069,0.7705723497,0.5152605171,0.7195757028,0.416947613,0.7756506097,0.5297971103,0.65272386,0.7261312848,0.4350508877,0.5805910862,0.7409928514,0.4543589355,0.6865909379,0.3581697433,0.5530403963,0.01162705105
eager-sweep-20,31377,400,relu,2,32,msssim,0,0,0.3514211532,0.1287507827,0.3054835796,0.6200290974,0.9546308901,0.975184235,0.9845944721,0.9041139631,0.01519388351,18.27113233,0.3960259561,-0.8142016884,0.2583047341,0.09251067057,0.03543694341,0.6862262739,0.5098848329,0.3806320776,0.3607401112,0.3485706868,0.5571295185,0.4173661863,0.4657928348,0.5409554517,0.3118313061,0.1854310848,0.1691913832,0.1596351073,0.3668365517,0.2177973442,0.2788111567,0.5468533635,0.3363672197,0.2195914984,0.204040572,0.194822982,0.3865301907,0.2501792014,0.4133783339,0.1873854388,0.09271132775,0.08219015122,0.07626318803,0.2356245689,0.1153740684,0.1718467325,0.8280292404,0.647225526,0.7960763442,0.5678791641,0.7598516995,0.5143482128,0.7220639432,0.4290125808,0.7668583055,0.5322325025,0.649545404,0.7305097213,0.4505158604,0.5905127909,0.7126939767,0.4351237686,0.6733888765,0.3546558364,-0.7976015143,0.01530832425
true-sweep-19,14340,400,relu,2,32,bce,0,0,0.3283426602,0.09321113918,0.2722445726,0.6195722687,0.8114226679,0.6993452808,0.8342362829,0.9006864399,0.01143117954,19.03942732,0.3633254495,0.4827635707,0.1914511537,0.06330484464,0.02487741918,0.6436740468,0.4568458083,0.3248750474,0.3056381848,0.2936792125,0.506916271,0.3621164122,0.4133921266,0.5080151485,0.2749589975,0.1531798938,0.138599574,0.1299707841,0.3313342153,0.1835871766,0.2456636727,0.5175935626,0.3009624481,0.1855043322,0.1711294651,0.1624693424,0.3528759181,0.21517694,0.4010913473,0.1710825334,0.07845808091,0.06915062623,0.06375803862,0.2203772124,0.09982722604,0.1576778591,0.819215844,0.6296538602,0.7766579358,0.5398786331,0.7704223422,0.5201580361,0.7198551725,0.421093374,0.7759164107,0.5353474073,0.655631909,0.7269121772,0.4401130797,0.5835126285,0.7381110459,0.4562303258,0.6842234233,0.359367232,0.5528249869,0.01153569948
sandy-sweep-16,31330,400,relu,1,32,msssim,0,0,0.3530864643,0.1298097194,0.3075667918,0.6218828817,0.965147915,0.9834031133,0.9940179788,0.9180226531,0.01486406816,18.02010783,0.3901468108,-0.8040363342,0.2596362035,0.09363633095,0.03615662384,0.6891437105,0.5134961413,0.3825887397,0.3623008578,0.3498556486,0.5600509716,0.4202277119,0.4682376981,0.5435280189,0.3146090678,0.1867569722,0.1705122144,0.1606858066,0.3693468106,0.2199406052,0.2807684839,0.549420774,0.3393822908,0.2211415917,0.2055215091,0.1961741447,0.3889822662,0.2523449957,0.4155906607,0.1900417027,0.09407905202,0.08375143684,0.07798097526,0.2375489865,0.1168666757,0.1736942232,0.8293152596,0.6494127807,0.796852534,0.5689170811,0.7611416313,0.5177392823,0.7228894572,0.43093964,0.7682470695,0.5355090703,0.6518780699,0.7314349108,0.4523404765,0.5918876936,0.7142843175,0.4393751478,0.6745627411,0.3571647084,-0.8024650966,0.01494744979
laced-sweep-15,14371,400,relu,1,32,bce,0,0,0.3424138481,0.1101207692,0.294331044,0.6227897311,0.8965201691,0.830588428,0.9341454599,0.9248266195,0.01136280873,19.03007493,0.3649012634,0.5174303427,0.2238635881,0.0762935756,0.03020514394,0.674152629,0.4924901054,0.3585034744,0.338379148,0.3255634146,0.5416545292,0.3966452686,0.4467698038,0.5323532924,0.2990741114,0.1720975711,0.1561169829,0.1468052342,0.3559556731,0.2043870077,0.2666842639,0.5413618088,0.3258145154,0.2060368061,0.1906567663,0.1812553257,0.3780801594,0.2371118665,0.4175795447,0.1858793223,0.0875094103,0.07747417992,0.07139732098,0.2366302865,0.1103033264,0.1695390791,0.8243513411,0.6436724661,0.7840877347,0.5564104265,0.7672065221,0.5250731095,0.7192207308,0.428071876,0.7737506412,0.5415129791,0.6576318102,0.7273955374,0.4484997666,0.587947652,0.7296940603,0.4557933618,0.6788781466,0.3610169974,0.5525544896,0.01144567691
lyric-sweep-12,32038,400,elu,3,32,msssim,0,0,0.3484457705,0.1253486447,0.3010944724,0.6188941943,0.9363726045,0.9487787311,0.9647401421,0.8955989402,0.01481400481,18.30098243,0.3903913024,-0.8337862585,0.2529878537,0.0891132186,0.03394486163,0.6831850347,0.5043011114,0.374140607,0.3545807797,0.3421382994,0.5521587023,0.4113955601,0.4602714181,0.5365961087,0.3059482256,0.1805662175,0.1648022882,0.1553244501,0.3614068587,0.2124044867,0.2738640904,0.5431286693,0.3316333592,0.2150537521,0.1998108774,0.1905329078,0.3819792271,0.2455224842,0.4096048578,0.1846507408,0.09045447298,0.08004957929,0.07413593423,0.2323720401,0.1127673936,0.169147864,0.8286334271,0.6448257976,0.7963458357,0.5651815464,0.7600493131,0.5115029681,0.7218511725,0.4264009161,0.7671799853,0.529756206,0.6484680956,0.7304550097,0.4481855762,0.589320293,0.7128572156,0.4329398523,0.6731680211,0.3529742662,-0.7971332082,0.01493395586
solar-sweep-11,15012,400,elu,3,32,bce,0,0,0.3282992666,0.09625758883,0.2764506936,0.6121895173,0.8071825539,0.7229901293,0.8532628661,0.8452946664,0.01140511472,19.06478416,0.3650941883,0.4475583779,0.1986265723,0.06489827247,0.02524792176,0.6502884886,0.4640981312,0.3337927201,0.3138703475,0.3016135518,0.5142081396,0.3706367835,0.4212154746,0.5108493106,0.2780581918,0.1566189971,0.1421544017,0.1335431804,0.3339697462,0.1870277542,0.2488887757,0.5211899877,0.3049172461,0.1902245432,0.175567314,0.1666885614,0.3568597734,0.2197072506,0.4024322111,0.1725954092,0.08026194642,0.07067720405,0.06490898414,0.2224014406,0.101457235,0.1592477709,0.8147692922,0.6234857109,0.7729803228,0.533723444,0.762273576,0.5107610126,0.7128877638,0.4132606246,0.7684341829,0.5268425166,0.6476383498,0.7205983084,0.4328830613,0.5767406849,0.7282596806,0.4462808264,0.6759268386,0.3516651154,0.5527351871,0.01150418818
astral-sweep-8,31894,400,elu,2,32,msssim,0,0,0.3495330778,0.1265268204,0.3033420146,0.6187303985,0.9424000273,0.9579230764,0.9749070032,0.8943700024,0.01506903303,18.31125125,0.3970789278,-0.8156276159,0.2545582386,0.09034644102,0.03467578163,0.6860313789,0.5079470154,0.3770873867,0.357468011,0.3448407876,0.5557171891,0.4143453791,0.4633481503,0.5387556081,0.3089596762,0.1828221558,0.1666863091,0.1568308803,0.3638631384,0.2153515239,0.2761813104,0.5452030301,0.3345099688,0.2171421647,0.2018294334,0.1923402399,0.3844387531,0.2479307503,0.4108220581,0.1866231675,0.09151699415,0.08133400131,0.07534905423,0.2337359001,0.1140953331,0.1704966575,0.828352523,0.6439286013,0.7958880892,0.5642759202,0.7594330666,0.5117752808,0.721307975,0.4268389914,0.7666950605,0.5298945122,0.6482947863,0.7299886104,0.4483434107,0.5891660106,0.7122995919,0.4339796545,0.6727697669,0.3539153207,-0.7997800421,0.01519264281
eager-sweep-7,15046,400,elu,2,32,bce,0,0,0.3351358328,0.1041948644,0.2873698771,0.613842757,0.8483166152,0.7845948496,0.9026562989,0.8576986971,0.0114378859,19.04890491,0.3640427119,0.4827098912,0.2136294674,0.07102488804,0.02793023779,0.6649757821,0.4825108634,0.3498837296,0.3299384971,0.3172373243,0.5318468631,0.3877649802,0.4377368391,0.5222573182,0.2907783493,0.165891235,0.1502183718,0.1415561896,0.3475981913,0.1975089174,0.259401232,0.5318230987,0.3179923594,0.2001353502,0.1849297881,0.1758232564,0.3700776994,0.2308078557,0.4082363005,0.1806879188,0.08463109076,0.07463247826,0.0686762029,0.2307879591,0.1071496318,0.1649716645,0.8158635802,0.6307821163,0.7759707416,0.5430720702,0.7595661392,0.5143944671,0.7124529552,0.4185312494,0.7659264909,0.5306143489,0.6482704199,0.7203707528,0.4384594353,0.579415094,0.7223497533,0.4466664632,0.6726885614,0.3537749863,0.552819315,0.01153822895
lilac-sweep-4,31904,400,elu,1,32,msssim,0,0,0.3508540272,0.1248345178,0.3046770394,0.6230505245,0.9508392438,0.9447883647,0.9809460499,0.9267833169,0.01508012474,18.14062093,0.3962002348,-0.8054195438,0.2506233682,0.08948753551,0.0343926498,0.6879468063,0.5084315843,0.3766260586,0.3570083121,0.344162046,0.5561892781,0.414356499,0.4635314941,0.5434198382,0.3109084628,0.182979432,0.1667713057,0.1570910797,0.3660439639,0.2160880882,0.2776145935,0.5497847199,0.3360129595,0.2174419761,0.2021196038,0.1925898641,0.3862026036,0.2485873699,0.4179875137,0.1886988023,0.09272047028,0.0825791752,0.07651646135,0.2363746169,0.1153175542,0.172884956,0.8314301595,0.64758863,0.797143796,0.5646277153,0.7643950345,0.5190008474,0.7242138064,0.4300335257,0.7715902489,0.5366275653,0.6541089071,0.7328558626,0.4511284212,0.5919921419,0.7189455529,0.4432932184,0.6772099853,0.3587240226,-0.8035926171,0.01518104598
mild-sweep-3,15080,400,elu,1,32,bce,0,0,0.3449809776,0.1206867078,0.3041687608,0.6100874641,0.9069218154,0.9125953693,0.9786468281,0.829523249,0.01143243526,19.02400092,0.3666039568,0.5169677744,0.2442797697,0.08460610396,0.03317424977,0.6867940114,0.5093750422,0.3756086016,0.3549684059,0.3422225826,0.557849012,0.4139444867,0.4629660249,0.5393460771,0.3100612418,0.1811808062,0.1647820796,0.1550542172,0.366605964,0.2141408076,0.2758815885,0.5486146808,0.3365124464,0.2163920403,0.2005033046,0.1909837127,0.3881702423,0.2480046898,0.4197039574,0.1901010638,0.09238669155,0.0817594461,0.0756743693,0.2400557433,0.1159288488,0.1736585945,0.8100008882,0.6351621781,0.7750778498,0.5526028804,0.7477703826,0.5115449697,0.7065759264,0.4210274171,0.7548795985,0.5285724126,0.6417260056,0.7151490741,0.4417487713,0.5784489227,0.7068675248,0.4390100902,0.6637934459,0.3516160164,0.5527428559,0.0115265958
hopeful-sweep-64,16401,200,relu,3,32,msssim,0.00001,1,0.3497002205,0.1289308502,0.3043909669,0.6157788443,0.9428195673,0.9765818188,0.9796519877,0.8722248954,0.01500782289,18.11490969,0.3815806765,0.1669273241,0.2592427444,0.09224277997,0.03530702618,0.6860805369,0.5093250991,0.3798847102,0.3603734943,0.3481250633,0.5567374882,0.4170832981,0.4653728008,0.5390032135,0.3098117521,0.1843619724,0.1684809415,0.1585443541,0.3645212954,0.2165157752,0.2773198783,0.5452520847,0.3349508941,0.2186808139,0.2035515904,0.1941573769,0.3847409189,0.2494029254,0.4106725247,0.1857158103,0.09179576947,0.08180034344,0.07580274455,0.232963915,0.1146096981,0.1704801172,0.8246938167,0.6421085452,0.7926077461,0.5622747373,0.7558919089,0.5094503576,0.7181737111,0.4241455644,0.7630868364,0.5274990832,0.6452929598,0.7267923734,0.4457370842,0.5862647288,0.7086747835,0.4309383468,0.6695956629,0.350790951,0.2078128076,0.01510910504
splendid-sweep-63,16428,200,relu,3,32,msssim,0.0001,1,0.3508583809,0.1288422161,0.3042936027,0.6194393238,0.9515981398,0.9758938907,0.9792115563,0.8996889722,0.01505684354,18.16041498,0.3851019071,0.1670281445,0.2584148733,0.0926411557,0.03547061942,0.6856505816,0.5088955195,0.3795621748,0.3598707669,0.3473383748,0.5565177324,0.4167921495,0.4649467468,0.538801743,0.3095812035,0.184486841,0.168062285,0.1584281094,0.3650267065,0.2166182488,0.2772864699,0.5449482799,0.3347729445,0.2186644077,0.2032863647,0.193837896,0.3851550519,0.2493904829,0.4103926478,0.1858421939,0.09194425098,0.08192607648,0.07574716958,0.2339206751,0.1147610297,0.1706477255,0.8272300755,0.6464311521,0.7951397909,0.5670321301,0.7589669135,0.5142845764,0.7210872104,0.4289694985,0.7659683521,0.5319934895,0.6489809208,0.7295368924,0.4502585612,0.5898977268,0.7117080674,0.43526474,0.6723836757,0.354774055,0.2083036164,0.01517342404
blooming-sweep-62,16473,200,relu,3,32,msssim,0.001,1,0.3473542077,0.1253889245,0.300629586,0.6160441127,0.9286479119,0.9490913612,0.9626372068,0.8742151678,0.01495151831,18.20956397,0.3873998604,0.1699720463,0.2527523807,0.08928981088,0.03412458203,0.6803237865,0.5033402128,0.3747557481,0.3551929243,0.3428760178,0.5509914958,0.4115804928,0.4598658085,0.5336483604,0.3053976321,0.1811209834,0.1651749845,0.1557422345,0.3605155144,0.2129062719,0.2735008597,0.5401134491,0.3308503032,0.215453282,0.2002731711,0.1910705119,0.3809299469,0.2457161695,0.4063682763,0.183813073,0.09048314752,0.08045163084,0.07459333613,0.2312828888,0.1126617196,0.1685220152,0.8245770942,0.6411514745,0.7923311818,0.5626089583,0.7564128238,0.5091108574,0.7183646079,0.4252977346,0.763563575,0.5270381391,0.6453008571,0.7269433706,0.446631366,0.5867873683,0.7097008072,0.4308520854,0.6701343222,0.351987405,0.2106941576,0.01506894827
easy-sweep-61,16506,200,relu,3,32,msssim,0.01,1,0.3234329119,0.1047237084,0.2760669291,0.5895080982,0.771781805,0.7886994428,0.8515268896,0.6751190827,0.01532960315,18.16992819,0.3889413792,0.1957013188,0.2236202937,0.06715379936,0.02339703224,0.6700502068,0.4826131608,0.3493104564,0.3289263835,0.3164024385,0.5320438504,0.3866171001,0.4379947782,0.498821938,0.2704996316,0.1550986579,0.1409874473,0.1324315843,0.3226711108,0.1840187777,0.2435041517,0.5137280822,0.303450197,0.1931230277,0.1786622405,0.1699400544,0.3518296778,0.221735239,0.3723121955,0.157237831,0.07495992949,0.0660728802,0.06098615069,0.2007740329,0.09456984112,0.1467018276,0.8143323177,0.6100684701,0.7837834361,0.5328753657,0.7326481853,0.4666216275,0.6982707586,0.3906820402,0.7433255069,0.489218293,0.6162718999,0.7101453298,0.415343263,0.5627442964,0.6829960178,0.3909647814,0.6483817947,0.3224723832,0.2368598295,0.0154561596
helpful-sweep-60,8738,200,relu,3,32,bce,0.00001,1,0.3240814821,0.08976083094,0.2684420645,0.6140415507,0.782930529,0.6725659065,0.8170354611,0.8591902195,0.01149790825,19.0238082,0.3614369753,0.4480639957,0.1861513302,0.05998503885,0.02314612374,0.6396661419,0.4514215153,0.3215990127,0.3025565834,0.2907253741,0.501784312,0.3579382285,0.4093844593,0.5006626325,0.2687241767,0.150059397,0.1362267632,0.1278376441,0.3241541437,0.1798048964,0.2410670817,0.5118746758,0.2958575189,0.1828749329,0.1688895077,0.1602764875,0.347486645,0.2118346244,0.3952952676,0.1674268604,0.07696639869,0.06788518465,0.06226643041,0.216521512,0.09776082206,0.1548746377,0.8173351218,0.6209000074,0.7736540576,0.529566954,0.7679426172,0.5113729018,0.7163775843,0.4120842402,0.7738178908,0.5271292049,0.6504735479,0.7238237275,0.4313953796,0.5776095536,0.7361759335,0.4491147056,0.6814395407,0.3525349445,0.5530376242,0.01160120871
pretty-sweep-59,8709,200,relu,3,32,bce,0.0001,1,0.3283437149,0.09314398362,0.2727074325,0.6191797285,0.810965124,0.6988240567,0.836330051,0.8977412645,0.0115115601,18.99237886,0.3621396559,0.4484896343,0.1919959449,0.06282457974,0.02461142616,0.6455689433,0.4588318579,0.3261292608,0.3069878206,0.2949126282,0.5090395188,0.363657487,0.4150181711,0.508097054,0.2750605891,0.1529895337,0.1383052728,0.1296812827,0.3320227842,0.1835133592,0.2456671447,0.5181362033,0.3016656339,0.1857593507,0.1713582873,0.1625063866,0.3539775908,0.2155485302,0.4007425928,0.1711044184,0.07815924458,0.06878177924,0.06292521756,0.2208704759,0.09947477373,0.1574369371,0.8212602565,0.6295682297,0.7788124646,0.5399421612,0.7706744323,0.5179218008,0.720220637,0.4196318685,0.7764618975,0.5336020555,0.6550319765,0.7275918308,0.4390631304,0.5833274806,0.7374510036,0.4533161359,0.6837423907,0.3576153615,0.5534397983,0.01160701923
dry-sweep-58,8466,200,relu,3,32,bce,0.001,1,0.3017346569,0.06669613245,0.2489360571,0.5895717812,0.6326488531,0.4935505398,0.7287991321,0.6755968873,0.01164841765,18.81466231,0.360014279,0.4514845163,0.1471665006,0.03910681376,0.01381508299,0.6458298652,0.4411283103,0.294617636,0.273345526,0.2598967829,0.496093119,0.3355602271,0.3923530281,0.4813441843,0.2441715447,0.1264172607,0.1127551185,0.1044879921,0.3001230414,0.1551988172,0.2177854031,0.4986269474,0.2772952914,0.1613825113,0.1468648016,0.138047874,0.3296675384,0.1906675547,0.3687068184,0.1465859938,0.06311266761,0.05449374691,0.04975884798,0.1927864397,0.08124360111,0.1366697252,0.8067160852,0.6012688904,0.7676313368,0.5122937244,0.7399988259,0.4758127502,0.6950818589,0.3845077977,0.7492193769,0.495916924,0.6225681505,0.7057258798,0.4074249439,0.5565754118,0.7009432197,0.4106691315,0.6544644436,0.3254733095,0.5560364178,0.01174683869
frosty-sweep-57,8540,200,relu,3,32,bce,0.01,1,0.196818794,0.003106092088,0.08782371879,0.4995265711,0,0,0,0,0.01309030771,17.88938684,0.3293654995,0.467651817,0.00699357443,0.001680842424,0.0006438594094,0.3932504753,0.1432014645,0.05466900014,0.0461922983,0.04145317707,0.1904081304,0.07277660239,0.1345644444,0.2731834645,0.07369258789,0.02227196086,0.01803617393,0.01605188285,0.1059479524,0.03202221687,0.07731517404,0.2903347313,0.08698666841,0.02944436669,0.02442433126,0.02181988768,0.1212419197,0.0405141525,0.2045702668,0.04406596234,0.01139213596,0.009044522067,0.007954607478,0.06736966993,0.01674363681,0.05159154162,0.7515492935,0.4245979433,0.7216294482,0.3657034562,0.6794345047,0.3318918064,0.6492508861,0.283410565,0.6903411174,0.3483916132,0.5193663653,0.6604330479,0.2989405062,0.479686777,0.6400395538,0.2886850899,0.6104188093,0.2477074973,0.5693141675,0.01320473291
silver-sweep-56,16452,200,relu,2,32,msssim,0.00001,1,0.3512401078,0.1319480956,0.3073735833,0.6143986446,0.9516711457,1,0.9931439914,0.8618694457,0.01495554576,18.16473143,0.386206464,0.1852149968,0.2651612363,0.09465748797,0.03602556238,0.690263112,0.5143613792,0.3853766257,0.3654067759,0.3527963,0.5615128149,0.4224540267,0.4703101814,0.5404639443,0.3117309047,0.1869416694,0.17084187,0.1609600258,0.3659890752,0.2193430273,0.2794671953,0.5476517081,0.3378413022,0.2221165895,0.206632182,0.1971296221,0.3874809444,0.2527629435,0.4122281683,0.1874316705,0.09403143226,0.08364782228,0.07763259706,0.2349408698,0.1164917233,0.1723434627,0.8228798671,0.6425114938,0.7917072896,0.5634494962,0.7524756443,0.508169836,0.7160095793,0.4238521977,0.7601090938,0.526685385,0.6433972394,0.725004536,0.4457955635,0.5854000497,0.7049717699,0.4293748253,0.667296739,0.3500849965,0.2050780697,0.01504888944
still-sweep-55,16442,200,relu,2,32,msssim,0.0001,1,0.3510417747,0.131071926,0.3072626293,0.614790769,0.9502177487,0.9931996589,0.9926420856,0.8648115016,0.01493806183,18.15102347,0.3874876099,0.1856251429,0.2634275968,0.09377839179,0.03600978941,0.6888111496,0.5138159148,0.3845471675,0.3646663106,0.3521509008,0.5610762355,0.4217149129,0.4695403576,0.5402250596,0.3124980856,0.1872663343,0.1712231446,0.1613149015,0.3672148456,0.2195868046,0.2799041867,0.5469766855,0.338031739,0.2218660265,0.2064498514,0.196979329,0.3879681528,0.2525666654,0.4118938274,0.1877811251,0.09378458778,0.08346007918,0.07747218012,0.2356134066,0.1163983048,0.1723433584,0.823653458,0.6414044841,0.7923234182,0.5624673347,0.7537206616,0.5079281128,0.717106316,0.4239733738,0.7611963907,0.5262869237,0.6437416572,0.7259558719,0.4457238896,0.5858398808,0.7062150526,0.4295281741,0.6684378816,0.3507309602,0.2050730831,0.01503226068
bumbling-sweep-54,16464,200,relu,2,32,msssim,0.001,1,0.3485541429,0.1293457257,0.3041985929,0.6121181099,0.9344475113,0.9798018523,0.9787817751,0.8447589065,0.01508532955,18.07819722,0.3872337555,0.1889012554,0.2608199095,0.09204668393,0.03517058381,0.6866838736,0.5117455178,0.3822582157,0.3622128659,0.3496904225,0.5585600934,0.419506219,0.4672367573,0.5351970904,0.3082778501,0.1840687658,0.1684234514,0.1585210959,0.3620081505,0.2159754238,0.2760674059,0.5424768329,0.3349572718,0.2193821818,0.2040907741,0.1946683675,0.3840334415,0.2497808784,0.405549656,0.1848485478,0.0918195916,0.08163602575,0.07579358529,0.2315320383,0.113860948,0.1692914963,0.8231558832,0.6381108286,0.7920018035,0.558928683,0.751516917,0.5035369724,0.7154170847,0.4202260814,0.759367181,0.5223233568,0.6408452689,0.7245914318,0.4421904701,0.583390951,0.7034287427,0.4253222694,0.6663554074,0.3474166458,0.2085517616,0.0151868565
efficient-sweep-53,16511,200,relu,2,32,msssim,0.01,1,0.3329361157,0.1141789034,0.2879827917,0.5966466519,0.83206431,0.8620854093,0.9054288463,0.7286786744,0.01551474324,18.12141629,0.3919212758,0.2136340616,0.2397841476,0.07563454589,0.02711801664,0.6798224823,0.4978492332,0.3651712644,0.3449271419,0.3324942164,0.545951845,0.4031955072,0.4527730942,0.511898,0.2852696427,0.166682493,0.1518205631,0.142736381,0.3380647138,0.1972924591,0.2562520206,0.5242331624,0.3169130087,0.204633832,0.1898368746,0.1809303313,0.365185529,0.2341466397,0.3809790967,0.1676201639,0.08204778025,0.07276294832,0.06756042361,0.2115400609,0.1019519552,0.1549232006,0.8187021593,0.6203528222,0.7881511723,0.5425304138,0.7377991737,0.4776362983,0.7033585376,0.3998275865,0.7481152066,0.4995880813,0.623851644,0.7148382584,0.4240450613,0.5694416598,0.6878442867,0.4007751235,0.6530050654,0.3297771836,0.2340337619,0.01563503221
smart-sweep-52,8717,200,relu,2,32,bce,0.00001,1,0.3301883143,0.09673450107,0.277364403,0.6164660388,0.8204895171,0.7266916569,0.8573960729,0.8773808214,0.01150658952,18.99743357,0.3628881677,0.4836005932,0.1994030621,0.06527533136,0.0255251097,0.6518132527,0.4673057139,0.3349707146,0.3150507798,0.3027779853,0.5165744557,0.3726676333,0.4230229259,0.5120141783,0.2788834899,0.156723762,0.1419815195,0.1331963561,0.33542472,0.1877365112,0.2494229227,0.5221336484,0.3065509498,0.1906821132,0.1759641767,0.1670558453,0.3583490551,0.2208149433,0.4025735441,0.1734635513,0.08035186076,0.07086023076,0.06519321068,0.2230480115,0.102040645,0.1596473008,0.819029372,0.6282547499,0.7768481065,0.5382823626,0.7669129454,0.515530084,0.7170100717,0.4171760488,0.7729392018,0.5314667311,0.6522029664,0.724614076,0.4368441462,0.5807291111,0.7328752879,0.4506153594,0.6799840498,0.3550740271,0.5530669899,0.01161613408
royal-sweep-51,8709,200,relu,2,32,bce,0.0001,1,0.3308464532,0.09529048913,0.2752816677,0.6219672027,0.8273713547,0.7154840391,0.8479747233,0.9186553019,0.01148305786,18.98389046,0.3623818128,0.4839695422,0.1953083706,0.06510141321,0.02546168356,0.6491802885,0.4615547925,0.3285121586,0.3090878758,0.2968585139,0.5116103289,0.3658247469,0.4175183773,0.5143673773,0.2780182934,0.1544528715,0.1401516071,0.1314727471,0.3357523667,0.1856895415,0.2485578358,0.5228772759,0.3045162261,0.187556684,0.1731690615,0.1642902642,0.357093662,0.2174684405,0.4050841955,0.1739756052,0.07970501172,0.07026766954,0.06453954384,0.2239182431,0.1008910694,0.1597687453,0.8227077864,0.6333781299,0.7806584488,0.5439703591,0.772303339,0.5222808564,0.7223628936,0.4239155291,0.7778651467,0.5375500459,0.6577075963,0.7294889106,0.4429647077,0.5862268091,0.7385843147,0.4569911515,0.6854453895,0.3610082348,0.5533911943,0.01159192808
rose-sweep-50,8520,200,relu,2,32,bce,0.001,1,0.307725143,0.07154669078,0.254445672,0.5971830662,0.6725411083,0.5311978769,0.7537221308,0.7327033173,0.01161305899,18.84290979,0.3605106532,0.4868812999,0.1563329277,0.04299448962,0.015312655,0.6535904608,0.4500832054,0.3016682479,0.2800990671,0.2670762852,0.5067337893,0.3441053383,0.4004794955,0.4879102166,0.251261995,0.1303928691,0.1159004396,0.1077038875,0.3089104913,0.1604247837,0.223214969,0.504740715,0.2838632166,0.165661037,0.150738582,0.1419131309,0.337833792,0.1963693053,0.3727214401,0.1502444226,0.06492197252,0.05621627544,0.0509591886,0.1978571688,0.08457780057,0.1396426111,0.8109517996,0.6151675639,0.7735766475,0.5284197619,0.7426004972,0.4871944751,0.6995408556,0.3969470607,0.7518085087,0.5070359337,0.6294222212,0.7101314758,0.4197563464,0.5649439111,0.7018732294,0.4187457622,0.6572769243,0.3339022167,0.5558464354,0.01171429548
dry-sweep-49,8510,200,relu,2,32,bce,0.01,1,0.2048576579,0.004608467129,0.1007485986,0.509215908,0.04760822038,0.01166059981,0.05846629298,0.07269776834,0.01317194923,17.88912414,0.3300459474,0.5024052337,0.01055490428,0.002401810676,0.0008686864279,0.4317311872,0.1712115354,0.07079777575,0.06068124658,0.05485580218,0.2212188438,0.09262501037,0.1575887948,0.2965316367,0.08456251261,0.02767986448,0.02260955827,0.01996237013,0.1202073913,0.03873059413,0.08718341589,0.3164500892,0.1021443605,0.03741773963,0.03146511689,0.02817681246,0.1390524656,0.05053361133,0.2210873827,0.05065903186,0.01377557107,0.01110454875,0.009712265568,0.0757311472,0.02024523936,0.05747359991,0.7616805065,0.448865001,0.7325379617,0.3851284922,0.684635594,0.3438932299,0.6548826473,0.292570344,0.6962630617,0.3632631186,0.5297630902,0.6668704867,0.310466965,0.4886687258,0.6424730846,0.2970311249,0.6131908512,0.2537020586,0.5691861554,0.013285161
pretty-sweep-48,16427,200,relu,1,32,msssim,0.00001,1,0.3527587905,0.1307582064,0.3088892102,0.618628955,0.9614578759,0.9907647419,1,0.8936088857,0.0150056582,17.97411314,0.3899739846,0.1965164714,0.2615197853,0.09410105357,0.03665378033,0.6901962911,0.5150346682,0.3849336419,0.3650089034,0.3522182804,0.5620291041,0.422496826,0.4702739716,0.5444111529,0.3153412619,0.1883038529,0.1721922619,0.1623177304,0.3701684805,0.2207877179,0.2819317877,0.5504994988,0.3403026164,0.2226966172,0.2072205395,0.1976376325,0.3902176619,0.2536499798,0.4168910853,0.1905320034,0.0948522961,0.08446045075,0.07837690686,0.2384554214,0.1176653875,0.1744619459,0.8264683238,0.6451284801,0.7945587332,0.5647166707,0.7580753706,0.5134721429,0.7206364829,0.4272853294,0.7652795043,0.5313135176,0.6482965109,0.7292435099,0.4486792881,0.588961399,0.7112948183,0.4353399297,0.6725353135,0.3540358643,0.1998656588,0.01509724278
bumbling-sweep-47,16406,200,relu,1,32,msssim,0.0001,1,0.352840552,0.1301963141,0.3087233603,0.6196019816,0.9621875961,0.9864036465,0.9992497702,0.9009093718,0.01496043871,18.00676239,0.3906853765,0.1965838983,0.2602128386,0.09412205429,0.03625404947,0.6908101772,0.5144197244,0.3843030499,0.3643846425,0.3516841889,0.561330961,0.4212085855,0.4697344899,0.5452535334,0.3154489143,0.1884849176,0.1720047255,0.1622744481,0.3705288798,0.2211264407,0.2821602523,0.5511735082,0.3399761617,0.2224814147,0.2068969756,0.1973713189,0.389927119,0.2532371581,0.4174569372,0.1900597389,0.09465621977,0.08430161964,0.07815533502,0.2379214451,0.1173764552,0.1742753685,0.8281675185,0.6463168352,0.79574325,0.5649337628,0.7595936805,0.514408121,0.7215590858,0.4273768936,0.7668697138,0.5324095653,0.6496396396,0.7302579503,0.4488706972,0.5895643237,0.7128479424,0.4365037398,0.673471515,0.3543014351,0.199956851,0.01504366938
ruby-sweep-46,16471,200,relu,1,32,msssim,0.001,1,0.351895627,0.1297525385,0.3078893125,0.6180450301,0.9558880001,0.9829593069,0.9954769163,0.8892277772,0.01504440952,17.95818644,0.3907800813,0.2000167998,0.2613249077,0.09260211255,0.0353305953,0.6917304744,0.5156606459,0.3859519466,0.3657191775,0.3532286182,0.5625183532,0.4235143777,0.4711890519,0.5418225116,0.3127352462,0.186998107,0.1711867731,0.1614123937,0.3667135266,0.2199475179,0.2801165879,0.5487373471,0.3387821913,0.2222531587,0.2068491429,0.1973870546,0.387988776,0.2532275021,0.4126591196,0.1879506658,0.09380943392,0.08364149645,0.07752014007,0.2347344676,0.1162206369,0.1723622978,0.82836612,0.6451885375,0.7965058265,0.5660800726,0.7574174267,0.5107518611,0.7200925291,0.4265497819,0.7651594781,0.5293413118,0.6472503949,0.7292129,0.4484664304,0.5888396652,0.7096948876,0.4320835367,0.6710403446,0.3527694367,0.2034198353,0.01514221728
confused-sweep-45,16500,200,relu,1,32,msssim,0.01,1,0.3310340336,0.1152921167,0.2903588712,0.587451113,0.8155295029,0.8707255521,0.9161771524,0.6596858042,0.01529522746,17.80396495,0.3869533654,0.2253083801,0.2440509186,0.07544753363,0.0263778978,0.6837869649,0.5044685856,0.3740348079,0.3539439003,0.3411638688,0.5512667329,0.4117390213,0.4600577056,0.5081765739,0.2843859265,0.169370564,0.1547751388,0.1459123391,0.3357222488,0.1991128616,0.2567793727,0.5223197341,0.3183139861,0.2089654952,0.1943045855,0.1852962524,0.3652045727,0.2381072044,0.374995626,0.1660875096,0.08349111089,0.07419470106,0.06881255584,0.2086247603,0.1034697433,0.154239431,0.8126787635,0.6102301555,0.782922121,0.5334159872,0.7276825308,0.4650361909,0.6946592997,0.3895432974,0.7393208081,0.4883495727,0.6138351904,0.7073418687,0.4147922023,0.5610670355,0.67760113,0.3897823716,0.6444441856,0.3214173224,0.2291825875,0.01536622737
amber-sweep-44,8695,200,relu,1,32,bce,0.00001,1,0.3411805907,0.1104781397,0.295095861,0.6179677716,0.886538467,0.8333621388,0.9376051451,0.8886481172,0.01141207711,18.9971217,0.3637426362,0.5185989784,0.2248311625,0.07641145827,0.03019179822,0.6755792923,0.4943013503,0.3597643736,0.3392347305,0.3263320485,0.5430909202,0.3986477983,0.448135823,0.533136829,0.2995057241,0.1727932868,0.1568692538,0.1473770641,0.3563322466,0.2047998304,0.2672591805,0.5421661735,0.3267080486,0.2069001198,0.1913178116,0.1818217039,0.3787941635,0.2379631549,0.4177822355,0.1863171105,0.08814268529,0.07784944854,0.07175602021,0.2369592466,0.1104418837,0.1698926687,0.820864245,0.6373820658,0.7808926154,0.5497199922,0.7629228502,0.518675441,0.7156158478,0.4223529954,0.7697028581,0.5353921836,0.6525475209,0.7239730758,0.4428029688,0.5833880223,0.7253214791,0.450119044,0.6754107641,0.3563359187,0.5527533687,0.01150462218
astral-sweep-43,8731,200,relu,1,32,bce,0.0001,1,0.3403346291,0.1070478086,0.292016983,0.6219390958,0.8829533113,0.8067378164,0.923677698,0.9184444194,0.01147222638,18.95624514,0.3620507484,0.5190301724,0.2175861328,0.07425782519,0.0292994679,0.670928678,0.488364896,0.3526560192,0.3321801119,0.3192251144,0.5376159314,0.3917451299,0.4418165684,0.5314777023,0.2974202158,0.1700789212,0.1538591675,0.144315775,0.3554500317,0.2021261299,0.2649610937,0.5402389765,0.3238542974,0.2032581717,0.1875584126,0.1780204028,0.3766843379,0.2345044613,0.4183104926,0.1857778644,0.0870396082,0.07663594312,0.07052028347,0.2369869909,0.1096421281,0.1692733467,0.8229647485,0.6404865724,0.7829634588,0.5531741531,0.7668526611,0.5239912221,0.7193952454,0.4274872586,0.7732108447,0.5399643544,0.6565875996,0.7272983546,0.4472828294,0.587290592,0.7298151246,0.4554152687,0.6795363598,0.3611870765,0.5532826827,0.01156934537
clear-sweep-42,8446,200,relu,1,32,bce,0.001,1,0.3071163791,0.07723507356,0.2624692917,0.5816447719,0.6604956366,0.5753479415,0.7900173463,0.6161216221,0.01155621975,18.79821204,0.3611817655,0.521589159,0.1704729192,0.04548771275,0.01574458877,0.6754580215,0.4697331924,0.3218221412,0.2999773454,0.2863102893,0.5222689669,0.363243088,0.4198304117,0.4944919671,0.2550270949,0.1364331462,0.1219843228,0.1137607693,0.3073507154,0.1660166895,0.2278663814,0.5148445368,0.2909118235,0.1751294732,0.1601402164,0.1511511058,0.3403578997,0.2047502548,0.3745836024,0.1479751699,0.06713313976,0.05845897426,0.05338228818,0.1914540163,0.08499103591,0.1397111863,0.8026214891,0.6028886969,0.7691884271,0.5202435614,0.7230852146,0.4635315368,0.6857093931,0.3801030301,0.7351620546,0.4867615265,0.6109617905,0.6988028704,0.4058526364,0.5523277534,0.67977946,0.3938643457,0.6415107909,0.3172113176,0.5554002884,0.01164814271
cerulean-sweep-41,8326,200,relu,1,32,bce,0.01,1,0.2080549837,0.005469015943,0.1063792855,0.5123166496,0.0660796251,0.01833970127,0.08393696614,0.09596220788,0.01321611742,17.83128794,0.3299979863,0.5356933735,0.01252079553,0.002848467018,0.001037785279,0.449546292,0.1788153343,0.07789938072,0.06684607905,0.06048738867,0.2328693776,0.1006730067,0.1667338461,0.3100031473,0.08941358895,0.03090566893,0.02588529938,0.02271930702,0.1270315165,0.04310422502,0.09272325039,0.3294409811,0.1063621715,0.04125678912,0.03501810879,0.03136668727,0.146064952,0.05514525995,0.2287735714,0.05085760502,0.01496530924,0.01232294658,0.01089336296,0.07829398294,0.02165856107,0.05968075991,0.7668141409,0.45603984,0.7399939118,0.3957941179,0.6857591455,0.3449971161,0.6582701032,0.2963244819,0.6978563184,0.3651807217,0.53151852,0.6709273222,0.3153022359,0.4931147791,0.6409956689,0.2945052089,0.6145179518,0.2537881079,0.5679715568,0.01331441198
devoted-sweep-40,16391,200,relu,0,32,msssim,0.00001,1,0.355808205,0.127901815,0.3071210682,0.6324017318,0.9858469643,0.9685950199,0.9920017278,0.9969441453,0.01307117741,18.2929926,0.3900279439,0.1926840544,0.2546113552,0.09267639708,0.03641769277,0.6896360992,0.5100217015,0.3784893551,0.3582395096,0.345444234,0.5573669688,0.4164358568,0.4650905132,0.54926041,0.314647039,0.1854791027,0.1693930808,0.1594298286,0.370455727,0.218719798,0.2810550034,0.554561317,0.3385565281,0.2191718668,0.2036210448,0.1939814687,0.3893962204,0.2505589724,0.4247872977,0.1910008318,0.0935471891,0.08323056411,0.07707036597,0.2403660291,0.1165212719,0.1752176583,0.8368819544,0.6602058954,0.8033798202,0.5786023757,0.772082931,0.53155294,0.7321413654,0.4421184328,0.7784575361,0.5483522601,0.6634048981,0.740030317,0.4627668138,0.6013985654,0.7264077229,0.453297945,0.6845697656,0.3675796331,0.1931490072,0.01317019109
spring-sweep-39,16485,200,relu,0,32,msssim,0.0001,1,0.3563596774,0.1286664406,0.3076035678,0.6328090236,0.9895713187,0.9745296189,0.9941843371,1,0.01305493955,18.28083188,0.3897671433,0.1928211986,0.2565578802,0.09301550646,0.03642593524,0.6900107028,0.5112699824,0.3802410016,0.3603124144,0.3475984686,0.5582317789,0.4181600981,0.4665463567,0.5486447991,0.315107766,0.1858203694,0.1698787221,0.1598854702,0.3704335181,0.2189957841,0.2812523544,0.5540181398,0.3390659094,0.2199673653,0.2046266198,0.1950145513,0.3893167973,0.2512155771,0.4233988954,0.1908199534,0.09384072472,0.08368876204,0.07755971995,0.2392851249,0.1164908314,0.1750119925,0.8367613248,0.6613389768,0.8038691569,0.5818468245,0.7715548622,0.5315452035,0.7321059122,0.4440203288,0.7779980857,0.5484322399,0.6632151628,0.7400606915,0.4647450773,0.6024028844,0.7256780702,0.4524125394,0.6842070052,0.3683680785,0.1937420555,0.01315473486
toasty-sweep-38,16508,200,relu,0,32,msssim,0.001,1,0.3534190519,0.1313116614,0.3081669211,0.6207785731,0.96717674,0.9950603517,0.9967326918,0.9097371764,0.01307037583,18.2853504,0.3897175692,0.1966138566,0.2645562922,0.09350903986,0.03586965204,0.694480066,0.5176338233,0.3879151678,0.3677470924,0.3547652061,0.5636563116,0.4255302411,0.4731039703,0.5433083154,0.3124751765,0.1859808887,0.1701576308,0.1605726994,0.3660605203,0.2184800181,0.2795764804,0.55023247,0.3390038311,0.2223531008,0.2071576715,0.1976223439,0.387668848,0.2531303167,0.4129089629,0.1869025447,0.09316326078,0.08356825292,0.07752914367,0.2332897193,0.1153806465,0.1718203723,0.8314402734,0.6506686537,0.7995883801,0.5702152988,0.7594018091,0.5145834002,0.7221001316,0.4285997089,0.7672634228,0.533480259,0.6503718409,0.7313912516,0.450979359,0.5911853053,0.7109481859,0.4351887231,0.672485243,0.3541230693,0.1973459043,0.01315954421
glamorous-sweep-37,16460,200,relu,0,32,msssim,0.01,1,0.3304798952,0.1164270263,0.2894462049,0.5855664546,0.8123760745,0.8795340893,0.912048664,0.6455454701,0.01331846632,18.1266881,0.3874332194,0.2217224631,0.2480028655,0.07512740899,0.02615080432,0.6904437191,0.5073631367,0.3755596167,0.3553568772,0.3424766827,0.554636277,0.4134279315,0.4627520144,0.5075361658,0.2812258011,0.1670005145,0.1523031258,0.1435658363,0.331912618,0.196172574,0.2542452514,0.5242814422,0.3167855144,0.2077165395,0.1932309866,0.1843198687,0.3633998334,0.2363893986,0.3748643494,0.161767617,0.08058947528,0.07203291519,0.06691707422,0.2036506272,0.09956767943,0.1513413936,0.812968895,0.6119002979,0.7853931659,0.5365520064,0.7233021362,0.4607933367,0.6931703871,0.3874676747,0.7359243989,0.4856084574,0.6107664282,0.706706132,0.4140268299,0.5603664809,0.6715021657,0.3841317377,0.641554843,0.3180608086,0.2225728474,0.01341662183
smart-sweep-36,8324,200,relu,0,32,bce,0.00001,1,0.3363548093,0.1016549973,0.2821970582,0.6252123723,0.8623806635,0.7648818131,0.8792568128,0.9430033647,0.01056675971,19.45572459,0.3885438564,0.5515034348,0.2074755789,0.07000484851,0.02748456447,0.6574830331,0.4708705693,0.341410827,0.3223564377,0.3102660863,0.5204445223,0.3780510315,0.4286974967,0.519722116,0.2834153785,0.1619575344,0.1471364063,0.1385384431,0.3399290583,0.1923923905,0.2547273338,0.5291761756,0.3103735745,0.1954110116,0.1808735877,0.1721585244,0.3624384403,0.2249483615,0.4103233552,0.1768347516,0.08286466903,0.07312795733,0.06767102943,0.2269418007,0.1044016413,0.1631664783,0.8257177931,0.6397648348,0.783997149,0.5499020007,0.7738591325,0.5264415496,0.7241077936,0.4272322745,0.7799173667,0.5423288337,0.6611231002,0.731758816,0.4468444726,0.5893016443,0.7401751745,0.4607801168,0.6871715054,0.3633991428,0.5506384687,0.01064502168
woven-sweep-35,8325,200,relu,0,32,bce,0.0001,1,0.3390560672,0.1109708964,0.2926665843,0.6135307209,0.8730534584,0.8371866426,0.9266161993,0.8553575334,0.01057324303,19.43522334,0.3879833036,0.5518386774,0.2301478086,0.07434171534,0.02842316521,0.6776831359,0.4950166074,0.3645587801,0.3448431799,0.3327202422,0.5431311812,0.4018681937,0.451402992,0.523800171,0.2901152619,0.169954028,0.1548476646,0.1459502411,0.3453661339,0.2003450125,0.261482656,0.5362892747,0.3212823868,0.2070600986,0.1921678782,0.1832761765,0.3717688024,0.2368214726,0.4073846311,0.178715278,0.08666745818,0.07681279024,0.07115807472,0.2268091084,0.108251204,0.1651140749,0.8207035168,0.6347365701,0.780984467,0.5464086783,0.7583162618,0.5106874962,0.7114328289,0.4150897072,0.7664690312,0.5292967169,0.647882874,0.7211777641,0.4371793714,0.5791785678,0.720387315,0.4424660844,0.6711159965,0.3500397289,0.5509820721,0.0106580751
sweepy-sweep-34,8336,200,relu,0,32,bce,0.001,1,0.2953880397,0.0717908273,0.2511480153,0.5632252764,0.5832734748,0.5330927288,0.7388050275,0.4779226682,0.0107696269,19.16964787,0.3815365086,0.5540107787,0.1645689755,0.03863428879,0.01216921764,0.6683080228,0.4619435837,0.3175232881,0.2955926301,0.2821117352,0.5157786261,0.3575649441,0.4141175151,0.4681618262,0.2349356294,0.1271116897,0.1140765079,0.1065747682,0.2863456845,0.1534964969,0.2129575163,0.492990762,0.2764671147,0.1682243496,0.1540893316,0.1456947327,0.3249260187,0.1956438273,0.342502458,0.1325220921,0.06003809006,0.05259884923,0.04839768815,0.1726537622,0.0758700606,0.1263689846,0.7913102539,0.5853188505,0.7626011576,0.5104860922,0.7016036498,0.43376194,0.6702621667,0.3608939166,0.7162382472,0.460944756,0.5885915016,0.6857929598,0.3899251428,0.5378590513,0.6558008379,0.3637534773,0.624515555,0.2983954195,0.5531910099,0.01085570268
comic-sweep-33,8323,200,relu,0,32,bce,0.01,1,0.1999174399,0.004472739207,0.09472604841,0.500553532,0.01651176992,0.01060715514,0.03122300807,0.007705146545,0.01254717051,17.91047337,0.3358250884,0.565492304,0.01047627397,0.002233380887,0.0007085627656,0.4116021714,0.1589505047,0.06733457475,0.05810128791,0.05311736997,0.2087887363,0.08714608741,0.1492915303,0.2782531976,0.07857133619,0.02602247051,0.02150902437,0.01926666904,0.111832484,0.03601950046,0.08163924515,0.2988730967,0.09446907043,0.03524083272,0.02995951474,0.02713583596,0.1303343326,0.04706960917,0.2067639899,0.04588536137,0.01236544917,0.01026822273,0.009023472578,0.07038176657,0.01804323362,0.0532473512,0.7555308426,0.4335930873,0.7307887823,0.3808175774,0.6749680521,0.3285252399,0.6497860757,0.2858064992,0.6874660892,0.3476718777,0.5175689834,0.6628340253,0.3042421357,0.4835380805,0.6318993728,0.2808973058,0.6079272179,0.2461023306,0.5645684417,0.0126352869
dazzling-sweep-32,17067,200,elu,3,32,msssim,0.00001,1,0.3462619424,0.1245576673,0.3000105619,0.6142175979,0.9209959016,0.9426396044,0.9598370229,0.8605110774,0.01535838194,18.2544075,0.3925050198,0.1647582455,0.2516798066,0.08841168742,0.0335815078,0.6819424183,0.5031256031,0.3737640081,0.3543070454,0.341728445,0.5506526603,0.4106302129,0.4594500661,0.5339079695,0.3039735442,0.1798003318,0.1642917742,0.1546913724,0.3589107317,0.2112033027,0.2723970115,0.5410624743,0.3301192522,0.2144924402,0.1995598525,0.1902025342,0.3801174164,0.2445202321,0.4073370423,0.1832585574,0.08991301182,0.08008072684,0.07418777452,0.2307888396,0.1117271042,0.1681847274,0.8251287984,0.6378277211,0.7925671876,0.5577640855,0.7559930407,0.5057121504,0.7178359954,0.4210536199,0.7634104963,0.5240713362,0.6437409163,0.726683808,0.4427047511,0.5846942795,0.7091096499,0.428674137,0.669648241,0.3492965479,0.2057075852,0.01544829551
scarlet-sweep-31,17159,200,elu,3,32,msssim,0.0001,1,0.3422749207,0.1207059565,0.296662569,0.6094562366,0.8940747414,0.912744767,0.9446922218,0.8247872356,0.01535855483,18.28866419,0.3941301931,0.1656412929,0.2453094728,0.08471855521,0.03208984155,0.6784643544,0.4990387535,0.3692399099,0.349916349,0.3373740876,0.5471227086,0.4059650011,0.4553030431,0.5300620634,0.2996636196,0.1764997298,0.1610132962,0.1515961148,0.3546407682,0.2079328135,0.2687726319,0.5374624133,0.3265494108,0.211225614,0.1963746697,0.1870897263,0.3766140938,0.2413220257,0.403860809,0.1809459024,0.08793717114,0.07819438857,0.07229894682,0.2280787332,0.1100682497,0.1659120172,0.8214602462,0.6300602366,0.7883996196,0.5499157575,0.7523675036,0.4993917166,0.7138685095,0.4155117171,0.7600211247,0.5178484254,0.6389347751,0.7229212951,0.4370341014,0.5799776982,0.7062356242,0.424093323,0.6664957561,0.3456748297,0.2062264344,0.01546416525
grateful-sweep-30,17173,200,elu,3,32,msssim,0.001,1,0.34004147,0.1175563274,0.2932292521,0.6093388304,0.8804556342,0.8882990967,0.9291614534,0.8239063525,0.01533962825,18.23227829,0.3933389899,0.1696956502,0.2391652996,0.08248526449,0.03101841808,0.6745143253,0.4936360039,0.3634985614,0.3440362667,0.3315208413,0.5418414371,0.4005114289,0.4499370158,0.5270223764,0.2964621157,0.1733393059,0.1579710363,0.1483297897,0.3508539988,0.2044002852,0.2654827237,0.5347782969,0.3231051862,0.2076722383,0.1926870942,0.1834094524,0.3730961978,0.2378562689,0.4027983211,0.1792173619,0.08617885768,0.0760539653,0.07037772884,0.2265931351,0.1086570719,0.1642680466,0.8211946069,0.6280327948,0.7877259782,0.5476043592,0.7530319422,0.4991202873,0.7141328828,0.4151909397,0.7605815772,0.5173342714,0.6389579243,0.7230777058,0.4363617671,0.5797197365,0.7075181827,0.4248497321,0.6673742564,0.3462900024,0.210640287,0.01545452047
silver-sweep-29,17139,200,elu,3,32,msssim,0.01,1,0.3227283574,0.1051872981,0.2758803964,0.5871173777,0.766720834,0.7922975679,0.8506831001,0.657181834,0.01546628859,18.10814096,0.38926008,0.1951459693,0.2235677353,0.0680090851,0.02398507379,0.6653004931,0.4803736189,0.3481926596,0.3285818799,0.3159630402,0.529714898,0.3851869634,0.4361876547,0.4967043358,0.2717000868,0.1562153716,0.1421888425,0.1333814801,0.3240116063,0.1849094986,0.2441587299,0.5105731487,0.3037495315,0.193367064,0.1791437268,0.1702478379,0.352140516,0.2219412178,0.3697146514,0.1591749186,0.07569318783,0.06666044957,0.06139898701,0.2026949609,0.09572716766,0.1472949088,0.8109850272,0.6036006019,0.7806721226,0.5256543848,0.7305210484,0.465103345,0.6969734725,0.3888723393,0.7408637846,0.4867671512,0.6138154679,0.7084314798,0.4124070952,0.5604192875,0.6810852781,0.3915975066,0.6476488443,0.3226945615,0.2367432497,0.01557896473
likely-sweep-28,8948,200,elu,3,32,bce,0.00001,1,0.3293711116,0.09827706757,0.2791599631,0.6106763041,0.8127079358,0.7386642005,0.8655183724,0.8339412344,0.01151429344,19.00280933,0.3610986133,0.4479718097,0.2032434065,0.06592708731,0.02566070892,0.6547340029,0.4699449322,0.3390596866,0.3199301077,0.3079054862,0.520236458,0.3760969691,0.4268439114,0.5110501693,0.2796893045,0.1591633766,0.1441314122,0.1356054415,0.3360497525,0.1894028267,0.2507274747,0.5223623514,0.3078161478,0.1930589825,0.1785365492,0.1698219776,0.3598950207,0.2226285338,0.4013029052,0.1738141466,0.0809538824,0.07154816733,0.06595497961,0.2233988782,0.1023858306,0.159908399,0.8146407469,0.6238830587,0.7726385786,0.533390824,0.7601015094,0.5092090828,0.7105054471,0.4112398075,0.7667303404,0.5258612282,0.6462957843,0.7187298243,0.4313838233,0.5750568238,0.7254487649,0.4444915432,0.6730454471,0.3495208384,0.5531104782,0.01161735039
clear-sweep-27,9011,200,elu,3,32,bce,0.0001,1,0.3272521484,0.09670723652,0.2765469253,0.6085022835,0.7992693583,0.7264800446,0.8536981747,0.8176298556,0.01154110944,18.96235801,0.3606946508,0.4486149522,0.2011295871,0.06414967519,0.02484244727,0.6537419015,0.4677230743,0.3365704444,0.3168944248,0.3047682322,0.5177132613,0.3737368936,0.4244497418,0.5079636492,0.2755497695,0.1564850845,0.1416223682,0.1328607385,0.3324091851,0.186313045,0.2476005405,0.5198266506,0.3047935963,0.1906911284,0.1761212349,0.167346254,0.3568942845,0.2201551944,0.3977744133,0.1711079714,0.07901788155,0.0698469306,0.06440977057,0.2205603906,0.1004156503,0.1575904191,0.8135377828,0.6211174945,0.7713770278,0.5310134504,0.758076094,0.5058487047,0.708399534,0.4086447622,0.7650402876,0.5229032869,0.6439717873,0.7169596645,0.429105895,0.5730327797,0.7235069859,0.4417436616,0.6711024316,0.3476594723,0.5535732285,0.01164430566
ruby-sweep-26,9049,200,elu,3,32,bce,0.001,1,0.2975646791,0.06310723061,0.2425763458,0.5870104609,0.6073686048,0.465695479,0.7000306833,0.6563796522,0.01165757224,18.83609784,0.3590150579,0.4515146147,0.1405250462,0.03606680433,0.01272984133,0.6407543438,0.4297728424,0.2840561527,0.2630143962,0.2511934528,0.4870813049,0.3239745058,0.3828352988,0.4780522365,0.2362725434,0.1198441233,0.1064224023,0.09855734138,0.2934319141,0.1481052183,0.2115265429,0.495755285,0.2692481279,0.154347524,0.1402066499,0.1322038323,0.3231332004,0.1831399351,0.3684592957,0.1416989416,0.05914227738,0.05118316622,0.04686070684,0.1888864105,0.07734005095,0.1333672702,0.8016063377,0.5961015838,0.7621646107,0.5071363336,0.7369999721,0.4740074563,0.6916936254,0.3831913695,0.7463098089,0.4939076629,0.6201087359,0.7024193044,0.4054050674,0.5539121859,0.700323117,0.4116139487,0.6533996771,0.3258874992,0.5560412601,0.01175840665
giddy-sweep-25,9068,200,elu,3,32,bce,0.01,1,0.2004198201,0.003459637429,0.09202309698,0.5057767259,0.02287805339,0.002744022378,0.01899608195,0.04689405585,0.01312352784,17.87227045,0.3310682028,0.4675552407,0.007982814502,0.001748676854,0.0006474209301,0.4020475402,0.1556409438,0.06068494036,0.05153773476,0.0462032025,0.2064479856,0.08056826859,0.1433043778,0.2731193853,0.07784474666,0.02394501846,0.01948511556,0.01710736402,0.1119711329,0.03362988228,0.07958609611,0.2933692038,0.09353009611,0.03227096424,0.02690611966,0.02388426475,0.1300908476,0.04411020502,0.2049406928,0.04710459751,0.01218293496,0.009695507994,0.008342225783,0.07185339162,0.01813246042,0.05317882448,0.7569742296,0.4391962317,0.7260783591,0.3757420456,0.6838270478,0.341165355,0.6517945535,0.2882003386,0.6951836162,0.3589532689,0.5270684425,0.6637934498,0.3051765688,0.4844850093,0.644749571,0.2964982201,0.6135074368,0.2515873221,0.5695394683,0.01323053613
skilled-sweep-24,17102,200,elu,2,32,msssim,0.00001,1,0.3472184834,0.1259569574,0.3023356795,0.6133628133,0.9259842207,0.9535001163,0.9703548001,0.8540977458,0.01504002109,18.31512598,0.3971609055,0.1831159857,0.2540354481,0.08963218045,0.03420324355,0.6848214429,0.5068301553,0.3771462731,0.3572748983,0.3446647709,0.5546849644,0.4140002455,0.4627746642,0.5365502832,0.3068175084,0.1821190081,0.1660284405,0.1561502544,0.3619296161,0.2138820793,0.2747824788,0.5435234904,0.3327526152,0.2167611122,0.201284647,0.1918913573,0.3830002844,0.2471361011,0.4091987066,0.1846102084,0.09101808643,0.08055058485,0.07485902153,0.2323863018,0.1135259978,0.169449836,0.8240118723,0.6367146795,0.7919190791,0.5569312058,0.7542843549,0.5048766302,0.7169483803,0.4208069906,0.761890068,0.5232745586,0.6425823133,0.7259235778,0.442363049,0.5841433134,0.7073739767,0.4282323661,0.668903274,0.3493509505,0.2026703671,0.01513644587
tough-sweep-23,17100,200,elu,2,32,msssim,0.0001,1,0.3445612656,0.1241286434,0.3005618453,0.6089933081,0.9076514947,0.9393097593,0.9623307787,0.8213139462,0.01501615025,18.27617352,0.3942996018,0.1836986425,0.2514164814,0.08781341723,0.03315603142,0.6827392568,0.505469351,0.375872258,0.3563327214,0.3438500699,0.5528436775,0.4126159408,0.4613890648,0.5324280234,0.3042991402,0.1802783069,0.1645417782,0.1549098132,0.3585040305,0.2123665408,0.2724753916,0.5401014686,0.3309563994,0.2154216915,0.2002200335,0.1909344643,0.3804779053,0.245821178,0.4051371212,0.1831007801,0.09011451361,0.07978555241,0.0740434886,0.230085997,0.1124810682,0.1678212136,0.8211739403,0.6304757517,0.7888306639,0.5509381668,0.7506868104,0.4987152199,0.7132572869,0.4155765974,0.7586418095,0.5174498027,0.6380458061,0.7225567116,0.4373249087,0.5799408102,0.7040646779,0.4231584365,0.6655821839,0.345459962,0.2031474451,0.01511660777
exalted-sweep-22,17187,200,elu,2,32,msssim,0.001,1,0.344405452,0.1230339211,0.2998123169,0.610370118,0.9071324495,0.9308131339,0.9589402522,0.8316439624,0.01518020652,18.244016,0.3952659623,0.187693201,0.249076533,0.0870257204,0.03299950991,0.6810781202,0.504525912,0.3742654223,0.3545885677,0.3418462762,0.551349372,0.4111569099,0.4598300755,0.5321180728,0.3040062469,0.1796333397,0.1640396728,0.1541192161,0.3580809073,0.2115309466,0.2719326317,0.5394451618,0.3305828571,0.214643538,0.1994546205,0.1898968667,0.379763931,0.244899109,0.4051392133,0.1832164388,0.09003187644,0.0797356219,0.07372506457,0.2298615395,0.1120094629,0.1676741838,0.8223893492,0.6313891997,0.7896744305,0.5513748335,0.7525396383,0.5005125847,0.7146497605,0.4168963466,0.7603292717,0.5189904406,0.6396598562,0.7237940271,0.4383667327,0.5810803799,0.7060588278,0.4250695374,0.6670578903,0.3468290179,0.2072530765,0.0152860349
comic-sweep-21,17244,200,elu,2,32,msssim,0.01,1,0.330643042,0.1120576899,0.2866888642,0.5931825718,0.8159618636,0.8456217298,0.8995757056,0.7026881552,0.01529146009,18.1300958,0.3912026674,0.2131965682,0.2358538223,0.07402772643,0.02629152104,0.6797065667,0.4966810587,0.3632796376,0.3434157358,0.3303849211,0.5452641439,0.4006229841,0.4513364434,0.5102851585,0.2844955783,0.1653681169,0.1506154632,0.1412838504,0.336622672,0.1958087199,0.2549256682,0.5235705972,0.3160816729,0.2030397207,0.1884434819,0.1791692227,0.3642317057,0.2322854847,0.3807200897,0.1670683662,0.08047138486,0.07129927154,0.06583889946,0.2108082382,0.1004246967,0.1538044214,0.8156983146,0.6146333943,0.7856139784,0.5366480813,0.7345498785,0.473413879,0.7009372585,0.3958521876,0.7449582998,0.495274123,0.6201162114,0.7124821735,0.4200156909,0.5662489322,0.6846267062,0.3977750956,0.6508952836,0.3275468038,0.233596135,0.01536733564
lemon-sweep-20,8992,200,elu,2,32,bce,0.00001,1,0.3361127908,0.1073571959,0.2900302112,0.6109509654,0.8532771776,0.8091391086,0.9146904436,0.8360019806,0.01154178471,18.98435119,0.3608361894,0.4837264884,0.2207216553,0.07290478537,0.02844514706,0.6711757413,0.4887610456,0.3558279453,0.3356795513,0.3232491513,0.5383637559,0.3942679009,0.4439035952,0.5237208886,0.2921269715,0.1677604414,0.1520715008,0.1430087605,0.3489650397,0.1994026714,0.261008054,0.5340458751,0.3203420341,0.2030818611,0.1877786666,0.1786309034,0.3724405468,0.2338915616,0.4072411461,0.1801380935,0.08565717019,0.07558497326,0.0696347818,0.2299928241,0.1080041726,0.1651790291,0.815339259,0.6293268572,0.7755963864,0.5413272129,0.7562781207,0.5101529029,0.7094882342,0.4145943713,0.763273255,0.527219874,0.6452465645,0.7180352675,0.4352754649,0.5766553662,0.7182023852,0.4421798619,0.6690211818,0.3499048107,0.553235782,0.01165310666
apricot-sweep-19,9015,200,elu,2,32,bce,0.0001,1,0.3342381639,0.1047675623,0.2862046659,0.6117422636,0.8427880691,0.7890398125,0.897385412,0.8419389829,0.01155224217,18.95332719,0.3604038986,0.4842498666,0.2156821361,0.07085071446,0.02776983649,0.6672388638,0.4829408142,0.3500335808,0.3299178069,0.3175266703,0.5329326614,0.3881746524,0.4383949935,0.5201926338,0.2871411113,0.1645235305,0.1489313977,0.1399720124,0.344021344,0.1953091314,0.2571558654,0.530949533,0.315892756,0.1993856281,0.184232071,0.1751979738,0.3681335747,0.2296412438,0.4054171163,0.1775963237,0.08359974298,0.07384697256,0.0680952862,0.2274467837,0.1054398986,0.1630631685,0.815891158,0.6296431937,0.7758421535,0.5411659758,0.7572255684,0.5111299401,0.7100943209,0.4152438381,0.7642666264,0.5281909707,0.6462287986,0.7186850795,0.4358263778,0.5772557286,0.7196831529,0.4437997783,0.670118764,0.3510693195,0.5536153818,0.01166519336
hopeful-sweep-18,9006,200,elu,2,32,bce,0.001,1,0.301970108,0.06935344125,0.2503986359,0.5861582469,0.6331919584,0.5141750934,0.735415175,0.6499856069,0.011670382,18.82366523,0.3592876806,0.4870385425,0.1529763334,0.04062065196,0.0144633384,0.6502802182,0.4426919245,0.2988346704,0.2781163785,0.2651199464,0.4992350472,0.3390970643,0.3961964548,0.4830308869,0.2434374067,0.1273906678,0.1134736463,0.1052562298,0.2995718313,0.1563570181,0.2183596641,0.5010250211,0.2771336734,0.1631569117,0.1488296688,0.140223965,0.3301484883,0.1922725439,0.369763936,0.1452716795,0.06324538362,0.05489897868,0.05029569603,0.1916386151,0.08136354288,0.1366396993,0.8010179909,0.5996848195,0.7634770717,0.5120343121,0.7327931449,0.4734474542,0.689918784,0.3840550481,0.7426231728,0.4939995714,0.6183113721,0.7010590653,0.4069511781,0.5540051217,0.6940583826,0.4088664405,0.6497813402,0.324764174,0.5560128576,0.01177208964
floral-sweep-17,9085,200,elu,2,32,bce,0.01,1,0.2061343298,0.004299376295,0.1012411118,0.5128625015,0.05667115603,0.009261608601,0.06069419918,0.1000576603,0.01323024714,17.87585816,0.331417737,0.502591691,0.009884302437,0.002177304254,0.000836522195,0.4274999506,0.1723229809,0.07036805251,0.06048172694,0.05456555061,0.2274494247,0.09187996234,0.1577953845,0.2941337037,0.08724557206,0.02783895451,0.02313504376,0.02023713847,0.1251642092,0.03921194716,0.08813808113,0.3130963147,0.1036777422,0.03748510778,0.03169916943,0.02829521708,0.1438202858,0.05061387643,0.2176553004,0.05146466744,0.01424831717,0.0114807327,0.01008295816,0.07884722585,0.0207497221,0.05778984353,0.7632727773,0.4544792829,0.732092331,0.3884997332,0.6883322135,0.3510895918,0.6561700951,0.2960581349,0.6998118971,0.3698725218,0.5348422094,0.6681046888,0.3136608983,0.4908827936,0.6478307006,0.3040486906,0.6160516404,0.2564248268,0.5692783381,0.01334993634
fresh-sweep-16,17152,200,elu,1,32,msssim,0.00001,1,0.3511055532,0.1250133101,0.3050509095,0.62325244,0.9523705268,0.9461760504,0.9826372688,0.9282982613,0.014974016,18.0158508,0.3914691907,0.1956056519,0.2500900171,0.09015774165,0.0347921714,0.6853832912,0.506827005,0.3767427767,0.35683464,0.3442435228,0.554409619,0.4138441905,0.4626121521,0.5434543019,0.3119622372,0.1844217757,0.1684860672,0.158790237,0.3671266714,0.2175111987,0.2788217962,0.5495283008,0.3361499608,0.2180359215,0.2027520686,0.1932899505,0.3865523636,0.2490478903,0.4197472461,0.1896606737,0.0929431985,0.08293553013,0.07683610891,0.2381207525,0.1157882554,0.173718825,0.8300618959,0.6470027762,0.7956770815,0.5640295022,0.7647826012,0.5199698445,0.7242825738,0.4308110437,0.7716733273,0.5372282769,0.6544508021,0.7326278011,0.4514803547,0.5920540779,0.7201754849,0.4447122099,0.677923748,0.3596005183,0.1985731037,0.01507418882
graceful-sweep-15,17176,200,elu,1,32,msssim,0.0001,1,0.3490639386,0.1253156967,0.30451864,0.617357479,0.9376072354,0.9485230073,0.9802295231,0.8840691757,0.0149672221,17.97413058,0.3898533075,0.1960347178,0.2524231684,0.08938907588,0.03413484574,0.6867752161,0.5088986858,0.3793097989,0.3594226613,0.347099937,0.5562080084,0.4159602315,0.4648106694,0.5399256215,0.3092360221,0.1836026269,0.1678196618,0.1581710229,0.3638512789,0.2160816687,0.2769553959,0.547003448,0.3351476192,0.2184534073,0.2032193691,0.1939078718,0.3849618435,0.2489366382,0.4143096654,0.1873081623,0.09244778559,0.08241583859,0.07645265684,0.2348262706,0.114768038,0.1717897654,0.8272162459,0.6409617038,0.7934821126,0.5589005261,0.7587746558,0.5109886134,0.7193843386,0.4239090317,0.766400678,0.5292436116,0.6478221448,0.7284152533,0.4453703731,0.5868928132,0.7132111324,0.4357805174,0.6723793088,0.3533015616,0.1991646548,0.01506976504
trim-sweep-14,17145,200,elu,1,32,msssim,0.001,1,0.3474517504,0.126823814,0.3049017191,0.6106297181,0.9252607603,0.9602281757,0.981962399,0.8335917062,0.01500629617,17.98657383,0.3911444527,0.1999286273,0.25680571,0.08968311083,0.03398262131,0.6880453774,0.5124311271,0.3830968338,0.3632575948,0.3504400897,0.5587016747,0.419788791,0.4679659307,0.5377499671,0.3084994971,0.1839597561,0.1683895964,0.1588927962,0.3624780866,0.2159262015,0.2765565217,0.5449191928,0.3355648816,0.2196920067,0.2046021968,0.1951193064,0.3843646049,0.2500497401,0.4089622707,0.1857640424,0.0920194428,0.08215938144,0.07602500265,0.2319140141,0.1144342692,0.1701826304,0.8233217891,0.6330799955,0.7908816585,0.5527076984,0.7516410604,0.5008479529,0.7143375409,0.4169869981,0.7598824478,0.5198605197,0.6398714838,0.7238862776,0.4388896272,0.5813879524,0.7046844938,0.4256536107,0.6664396336,0.346974185,0.2031773098,0.01509118918
quiet-sweep-13,17230,200,elu,1,32,msssim,0.01,1,0.3299329387,0.1150516769,0.2909764647,0.5837706743,0.8066340781,0.8688593921,0.9189708653,0.6320719767,0.01517144915,17.91605809,0.3884198088,0.2254706039,0.2436915082,0.07515409591,0.02630942656,0.6859635915,0.5050743729,0.3741393661,0.3541535331,0.3416115325,0.5516498276,0.4109096499,0.4605002701,0.5090609314,0.2848105053,0.1705705892,0.1558265403,0.1468206887,0.3352740862,0.1988917326,0.2573221624,0.5246210694,0.3191689253,0.2093935013,0.1947042346,0.1857121587,0.3655938208,0.2376417965,0.3788387335,0.1676218256,0.08347056314,0.07413262493,0.06870424218,0.2098575838,0.1031239412,0.1551070958,0.8090325073,0.6044451281,0.7796202174,0.5266630733,0.7239886525,0.461143481,0.691877946,0.3855537406,0.7356773568,0.4843900535,0.6100337051,0.704535039,0.410480248,0.5575076435,0.6740109105,0.3875815514,0.6421069536,0.3192239302,0.2291184942,0.01524664648
copper-sweep-12,8998,200,elu,1,32,bce,0.00001,1,0.3393331183,0.1151876424,0.2979614139,0.6048502986,0.8702372666,0.8699146804,0.9505676065,0.790229513,0.01150340363,19.00686325,0.3617747371,0.5187778985,0.2362245388,0.07868986052,0.03064852778,0.6818183335,0.5025161391,0.3707434962,0.3501744162,0.3378251571,0.5511227326,0.4086209434,0.4575459063,0.5288145721,0.2997092698,0.1756857156,0.1594834348,0.1501562911,0.3549537426,0.2076095316,0.2680589557,0.5400993824,0.3285409212,0.21188353,0.1962998658,0.1871873885,0.3793661892,0.2423524261,0.4096653052,0.1833973547,0.08922134811,0.07924174119,0.07358071653,0.2320221709,0.1108268056,0.1682793647,0.8100543948,0.6259670188,0.7724903095,0.5400085313,0.7468273286,0.5025743252,0.7029571144,0.4100870585,0.7547678613,0.5206807407,0.637724301,0.7123709189,0.4315816737,0.5719762963,0.7074218605,0.4335008781,0.6616653327,0.3446494313,0.552989527,0.01159332227
fearless-sweep-11,8979,200,elu,1,32,bce,0.0001,1,0.3396412153,0.1143938084,0.2973872423,0.6071425952,0.873050666,0.8637533825,0.9479703149,0.8074283006,0.01150122767,18.97778785,0.3619091693,0.5192038324,0.2347483629,0.07771478742,0.03071827481,0.6825981521,0.5019600806,0.3685585334,0.3479862414,0.3355110451,0.5512665887,0.4068645933,0.4563921988,0.5304332834,0.298133382,0.1748490928,0.1590486208,0.1497374768,0.3543083867,0.2061999268,0.2675300241,0.5414189696,0.3277715147,0.2106942534,0.1952293664,0.1859944314,0.3793170452,0.2412853092,0.4112252694,0.1832210542,0.08867512113,0.07865321779,0.07273477031,0.2323760633,0.1107914074,0.1682395637,0.8124706715,0.6287304591,0.7746695617,0.5425177772,0.7490563382,0.5052673776,0.7048452819,0.4122925235,0.7570400026,0.5234062303,0.6402231164,0.7143084883,0.4338156597,0.574062074,0.7095929981,0.4362208542,0.6634106213,0.3466366785,0.5533338069,0.01159172319
confused-sweep-10,8999,200,elu,1,32,bce,0.001,1,0.3078996513,0.0791133389,0.2618516088,0.5827340063,0.66714774,0.5899259928,0.7872232289,0.6242939982,0.01160620129,18.80893509,0.3595962297,0.5217438387,0.1739287634,0.04677960452,0.01663164874,0.6652385496,0.466754945,0.3226631911,0.3010386625,0.2874132873,0.5213185969,0.3626985379,0.418160826,0.48652017,0.2547336674,0.1374364601,0.1230569434,0.1147504289,0.3089379134,0.166520722,0.2274223268,0.5065614581,0.2905596793,0.1757789999,0.160983786,0.1520566195,0.3419495523,0.2050711066,0.3679256422,0.1501904032,0.06723736148,0.05885577977,0.05400610791,0.1955921281,0.08599404998,0.1399716437,0.8000526917,0.6011707762,0.764691769,0.5172330703,0.7249867621,0.4681629413,0.6851240159,0.3830715847,0.7362231156,0.4900663954,0.6131447555,0.6975263786,0.4071201355,0.5523232571,0.683629893,0.4008654686,0.642763351,0.3210557514,0.555558713,0.01169870794
visionary-sweep-9,9095,200,elu,1,32,bce,0.01,1,0.2058772652,0.004685504766,0.1040888727,0.5088574181,0.05194758944,0.01225852312,0.07357617772,0.07000806749,0.01325344481,17.84239786,0.3335104187,0.5357997445,0.01062129768,0.002499604664,0.0009356119531,0.4339238493,0.1785904976,0.07444784482,0.063817766,0.05767664754,0.2365153612,0.0974888373,0.1632086784,0.2966116929,0.09062089123,0.02980416583,0.02453219317,0.02187359299,0.1305181065,0.04204683149,0.0908582136,0.3156055808,0.1070226729,0.03969051316,0.03345188871,0.03004330583,0.1491144747,0.05369362235,0.216281215,0.051856649,0.01481953637,0.01200570562,0.01057968308,0.08030995562,0.0215451943,0.05819970369,0.7613246532,0.4494800815,0.7337203354,0.389052872,0.682461967,0.344026681,0.6543408004,0.2944967797,0.694508048,0.362185267,0.5283466575,0.6668052429,0.3119311144,0.4893681787,0.6397375238,0.2930490384,0.6123545929,0.2522436917,0.5677905328,0.01336866058
lunar-sweep-8,17025,200,elu,0,32,msssim,0.00001,1,0.3512811096,0.1244140043,0.3052256107,0.6242037137,0.9534625493,0.9415245725,0.9834275378,0.9354355375,0.01322372153,18.226447,0.3887018454,0.1919408129,0.2486264341,0.08974563518,0.03486994372,0.6872423187,0.5078024174,0.376498201,0.3562036565,0.3432243776,0.55542556,0.4145648596,0.4629944861,0.5457554148,0.3126168777,0.1833711682,0.1673962606,0.1578823354,0.3678608597,0.2164378385,0.2787601054,0.5514314771,0.3368204832,0.2174583673,0.2021004707,0.1925791353,0.387303859,0.2488853484,0.4212968063,0.190042161,0.09250572716,0.08270150736,0.07663063614,0.2386251846,0.1156533875,0.173922196,0.8312317754,0.6470574217,0.7972878791,0.5646974352,0.7655684857,0.5205519368,0.7258006538,0.432152681,0.7724547657,0.5376240035,0.6550393846,0.734107649,0.4526284364,0.5933680427,0.7205640361,0.4452626521,0.6792344141,0.3610351931,0.1926265853,0.01332567446
electric-sweep-7,17110,200,elu,0,32,msssim,0.0001,1,0.3495971333,0.1254449831,0.305349052,0.6179973648,0.9407941791,0.9495264565,0.9839859299,0.888870151,0.01323704646,18.22385075,0.3888975751,0.1923202961,0.2521387294,0.08976326533,0.03443295448,0.6875753631,0.5104969898,0.3799433116,0.3596488671,0.3466173375,0.5573768762,0.4178070134,0.4656379521,0.542145488,0.3107889968,0.1834252553,0.1679438875,0.1584626981,0.3657654581,0.2163636656,0.2778422236,0.5485211611,0.336604476,0.2186673433,0.2034394592,0.1939585954,0.3863834441,0.2498688698,0.4158426287,0.1885275135,0.09263351231,0.0827255894,0.07679577197,0.2360079919,0.1154359248,0.172566995,0.8273368201,0.6405872405,0.794013401,0.5590662131,0.7590557489,0.5117601503,0.7203440634,0.4252939818,0.7666047132,0.5296989511,0.6481518321,0.7292652615,0.4464205333,0.5878428974,0.7134215705,0.4367494625,0.6734383201,0.354901405,0.1932526307,0.01333318558
dainty-sweep-6,17122,200,elu,0,32,msssim,0.001,1,0.3483890876,0.1286276838,0.306409508,0.6101300709,0.9309515612,0.9742288096,0.988782952,0.8298429219,0.0133142773,18.22092411,0.3893693943,0.1963029969,0.2598708767,0.09134056459,0.03467160997,0.6919151037,0.5153301426,0.3860605209,0.3660428109,0.3534310275,0.5620978027,0.4231963456,0.4711533487,0.5387621701,0.309437404,0.1841670004,0.1687211508,0.1593080869,0.3629405052,0.2164138002,0.2771071792,0.5467523932,0.3369445801,0.2210979462,0.2060437202,0.1967515796,0.3857571185,0.2515192032,0.4095799045,0.1860661586,0.09306631585,0.08336714841,0.0775156165,0.2322330997,0.1149474597,0.1709679514,0.8229890853,0.6329814509,0.7912756451,0.5532447362,0.7499525895,0.5002177465,0.7137686678,0.4173476965,0.7584477672,0.5192954446,0.6388716059,0.7235201096,0.4392569623,0.581388536,0.7024016267,0.4246871364,0.6655160161,0.3471784541,0.1971419792,0.01341305859
fresh-sweep-5,17126,200,elu,0,32,msssim,0.01,1,0.3239559694,0.1116575647,0.2870294452,0.5731808983,0.765416952,0.8425161805,0.9011163393,0.5526183363,0.01327835087,18.19189561,0.3868161527,0.2218909352,0.2391743974,0.07092972377,0.02486857301,0.6851128428,0.5017362178,0.3715621247,0.3518418392,0.3391809377,0.5485553422,0.4091031506,0.4581560493,0.5029074256,0.2786022178,0.1657576163,0.1515476272,0.1429094335,0.3288894046,0.1945198227,0.2521619499,0.5198689699,0.3141441345,0.2059632093,0.1917222738,0.1828193069,0.3601536751,0.2345344871,0.3715866718,0.1620939672,0.08056994057,0.07177731907,0.06636752635,0.203016337,0.09998045961,0.1507703215,0.8016537813,0.5896578818,0.7734829467,0.5135448119,0.7134319515,0.4460624216,0.683382785,0.3739273909,0.7263540053,0.470095549,0.5982247771,0.6970937124,0.3991803264,0.5481370194,0.663976283,0.3745663436,0.6344154054,0.3100687765,0.2224136324,0.01337527297
exalted-sweep-4,8961,200,elu,0,32,bce,0.00001,1,0.329044893,0.1006022113,0.2811757624,0.6053567052,0.8084588732,0.7567106733,0.8746369339,0.7940290124,0.01054801507,19.47136713,0.3892304119,0.5514530409,0.20811671,0.06755784528,0.02613207857,0.6568866648,0.4715014153,0.3440850804,0.3250255085,0.3127992881,0.520474457,0.380277888,0.4301500022,0.5133913611,0.2802872175,0.1616279902,0.1469416585,0.1381211021,0.3356691296,0.1916615809,0.2525286078,0.5246542692,0.3083980381,0.196015358,0.1816160083,0.172832489,0.3595201969,0.2251940221,0.4036847521,0.1734055635,0.082333033,0.07288088034,0.06757711024,0.2224169361,0.103642588,0.160848707,0.8074201831,0.6156340323,0.7665409916,0.5272743547,0.7536460843,0.5024858239,0.7056048579,0.4073736013,0.7606064367,0.5193422197,0.6399743282,0.714053309,0.4274248555,0.5707390822,0.7207530427,0.439906803,0.6700140775,0.3476266104,0.5505921181,0.01062413398
glad-sweep-3,9011,200,elu,0,32,bce,0.0001,1,0.3313454856,0.1070410108,0.2884783149,0.5985171311,0.8190226824,0.8066850553,0.9076703686,0.7427126234,0.01057903936,19.42648629,0.3879697146,0.5518472455,0.2234555213,0.07100623946,0.02666127159,0.6717076494,0.4882258061,0.3603698734,0.340467078,0.3282173572,0.5372054627,0.3968024332,0.4461421967,0.5164750345,0.2847896368,0.1671801804,0.1524288092,0.1432915526,0.3389482688,0.1974172797,0.2572186887,0.5298324823,0.3158153296,0.2041334361,0.1893866658,0.1804566383,0.3662903309,0.2334331721,0.4013148693,0.1744304849,0.08485021884,0.07526411464,0.06986097127,0.2227172927,0.1060798497,0.1620739549,0.8058027554,0.6139868197,0.7664128129,0.5262205533,0.7440432804,0.4927518427,0.6981438484,0.3999087502,0.7525732042,0.5116634763,0.6321183403,0.7081420404,0.4216898032,0.5649159218,0.7078735767,0.4282517666,0.65986946,0.3389401062,0.550985732,0.01065922249
misunderstood-sweep-2,9059,200,elu,0,32,bce,0.001,1,0.2959464286,0.07459143198,0.255643636,0.5576042179,0.5832397589,0.5548294653,0.7591411763,0.4357486352,0.01076055173,19.17121422,0.3824135196,0.5540484656,0.1700995989,0.0405187201,0.01315597696,0.6704430014,0.4638382227,0.3246671096,0.302759936,0.2898877123,0.5175273275,0.3631756487,0.418899864,0.4744537906,0.2390792839,0.1317648185,0.1179866684,0.1103616926,0.2909883834,0.1582805361,0.2175592929,0.4991589785,0.2796476483,0.1730929017,0.1585692316,0.1502696872,0.328640312,0.2001266927,0.3525801687,0.1360254273,0.06284675514,0.05496108297,0.05055964768,0.1774052489,0.07892388157,0.1304717511,0.7822095545,0.5742621506,0.7525624896,0.4974918787,0.6970312196,0.4305542738,0.6647116363,0.3563552765,0.7108529418,0.456437347,0.5836451444,0.6794447148,0.383681868,0.5315632914,0.6533180513,0.3644956167,0.6210600186,0.2971984487,0.5532123836,0.01084450353
stellar-sweep-1,9074,200,elu,0,32,bce,0.01,1,0.1995332202,0.00423596522,0.09417706728,0.5001866282,0.01415381036,0.008769447085,0.02873966648,0.00495231751,0.01251390296,17.93161151,0.3399504915,0.5655221771,0.009895739836,0.002025045975,0.0007871098473,0.4089325576,0.1617251319,0.06577233685,0.05661727805,0.05138138088,0.2095529904,0.08611145702,0.1485847384,0.2730738317,0.07996258377,0.02576925077,0.02120243759,0.01871618698,0.1118548095,0.03619953202,0.08096837997,0.2950087488,0.09622386098,0.0347689949,0.0293904487,0.02635499835,0.1305397302,0.04695262387,0.203019929,0.04698387476,0.01276539099,0.01035163166,0.008967426905,0.07021138421,0.01854688504,0.05297807232,0.7563325683,0.4327038962,0.7319087608,0.3810231361,0.6744694448,0.3256301555,0.6498406823,0.284630811,0.687533145,0.3461194404,0.5168262927,0.6631875,0.3039064273,0.4835469637,0.6317974218,0.2800242696,0.6078130568,0.2460653349,0.5645069516,0.01260717679